amulet-essentials	2026-09-05	0	0
amulet-essentials	2026-09-06	0	0
amulet-essentials	2026-09-07	0	0
amulet-essentials	2026-09-08	0	0
amulet-essentials	2026-09-09	0	0
amulet-essentials	2026-09-10	0	0
amulet-essentials	2026-09-11	0	0
amulet-essentials	2026-09-12	0	0
amulet-essentials	2026-09-13	0	0
amulet-essentials	2026-09-14	0	0
amulet-essentials	2026-09-15	0	0
amulet-essentials	2026-09-16	0	0
amulet-essentials	2026-09-17	0	0
amulet-essentials	2026-09-18	0	0
amulet-atlas	2026-09-04	0	0
amulet-atlas	2026-09-05	0	0
amulet-atlas	2026-09-06	0	0
amulet-atlas	2026-09-07	0	0
amulet-atlas	2026-09-08	0	0
amulet-atlas	2026-09-09	0	0
amulet-atlas	2026-09-10	0	0
amulet-atlas	2026-09-11	0	0
amulet-atlas	2026-09-12	0	0
amulet-atlas	2026-09-13	0	0
amulet-atlas	2026-09-14	0	0
amulet-atlas	2026-09-15	0	0
amulet-atlas	2026-09-16	11	5
amulet-atlas	2026-09-17	5	4
acr-hud	2026-09-05	0	0
acr-hud	2026-09-06	0	0
acr-hud	2026-09-07	0	0
acr-hud	2026-09-08	0	0
acr-hud	2026-09-09	0	0
acr-hud	2026-09-10	0	0
acr-hud	2026-09-11	0	0
acr-hud	2026-09-12	0	0
acr-hud	2026-09-13	0	0
acr-hud	2026-09-14	0	0
acr-hud	2026-09-15	0	0
acr-hud	2026-09-16	0	0
acr-hud	2026-09-17	0	0
acr-hud	2026-09-18	0	0
NaNoBotCo	2026-09-04	0	0
NaNoBotCo	2026-09-05	0	0
NaNoBotCo	2026-09-06	1	1
NaNoBotCo	2026-09-07	0	0
NaNoBotCo	2026-09-08	0	0
NaNoBotCo	2026-09-09	1	1
NaNoBotCo	2026-09-10	0	0
NaNoBotCo	2026-09-11	0	0
NaNoBotCo	2026-09-12	0	0
NaNoBotCo	2026-09-13	1	1
NaNoBotCo	2026-09-14	1	1
NaNoBotCo	2026-09-15	0	0
NaNoBotCo	2026-09-16	42	22
NaNoBotCo	2026-09-17	1	1
Lanna	2026-09-04	9	3
Lanna	2026-09-05	33	8
Lanna	2026-09-06	1	1
Lanna	2026-09-07	3	3
Lanna	2026-09-08	2	2
Lanna	2026-09-09	2	2
Lanna	2026-09-10	0	0
Lanna	2026-09-11	0	0
Lanna	2026-09-12	0	0
Lanna	2026-09-13	0	0
Lanna	2026-09-14	1	1
Lanna	2026-09-15	0	0
Lanna	2026-09-16	199	13
Lanna	2026-09-17	0	0
nanobotco.github.io	2026-09-04	0	0
nanobotco.github.io	2026-09-05	0	0
nanobotco.github.io	2026-09-06	7	5
nanobotco.github.io	2026-09-07	6	4
nanobotco.github.io	2026-09-08	6	4
nanobotco.github.io	2026-09-09	2	1
nanobotco.github.io	2026-09-10	3	2
nanobotco.github.io	2026-09-11	2	1
nanobotco.github.io	2026-09-12	2	1
nanobotco.github.io	2026-09-13	20	11
nanobotco.github.io	2026-09-14	4	3
nanobotco.github.io	2026-09-15	3	2
nanobotco.github.io	2026-09-16	18	8
nanobotco.github.io	2026-09-17	9	5
basque-tables	2026-09-04	0	0
basque-tables	2026-09-05	0	0
basque-tables	2026-09-06	0	0
basque-tables	2026-09-07	0	0
basque-tables	2026-09-08	0	0
basque-tables	2026-09-09	0	0
basque-tables	2026-09-10	0	0
basque-tables	2026-09-11	0	0
basque-tables	2026-09-12	0	0
basque-tables	2026-09-13	0	0
basque-tables	2026-09-14	0	0
basque-tables	2026-09-15	0	0
basque-tables	2026-09-16	17	9
basque-tables	2026-09-17	15	11
pink-box	2026-09-04	0	0
pink-box	2026-09-05	0	0
pink-box	2026-09-06	0	0
pink-box	2026-09-07	0	0
pink-box	2026-09-08	0	0
pink-box	2026-09-09	0	0
pink-box	2026-09-10	0	0
pink-box	2026-09-11	0	0
pink-box	2026-09-12	0	0
pink-box	2026-09-13	0	0
pink-box	2026-09-14	0	0
pink-box	2026-09-15	0	0
pink-box	2026-09-16	21	12
pink-box	2026-09-17	3	3
buffalo-wings	2026-09-04	0	0
buffalo-wings	2026-09-05	0	0
buffalo-wings	2026-09-06	0	0
buffalo-wings	2026-09-07	0	0
buffalo-wings	2026-09-08	0	0
buffalo-wings	2026-09-09	0	0
buffalo-wings	2026-09-10	0	0
buffalo-wings	2026-09-11	0	0
buffalo-wings	2026-09-12	0	0
buffalo-wings	2026-09-13	0	0
buffalo-wings	2026-09-14	0	0
buffalo-wings	2026-09-15	0	0
buffalo-wings	2026-09-16	45	31
buffalo-wings	2026-09-17	5	5
care-abroad	2026-09-04	0	0
care-abroad	2026-09-05	0	0
care-abroad	2026-09-06	0	0
care-abroad	2026-09-07	0	0
care-abroad	2026-09-08	0	0
care-abroad	2026-09-09	0	0
care-abroad	2026-09-10	0	0
care-abroad	2026-09-11	0	0
care-abroad	2026-09-12	0	0
care-abroad	2026-09-13	0	0
care-abroad	2026-09-14	0	0
care-abroad	2026-09-15	0	0
care-abroad	2026-09-16	10	7
care-abroad	2026-09-17	6	6
pinot-noir	2026-09-04	0	0
pinot-noir	2026-09-05	0	0
pinot-noir	2026-09-06	0	0
pinot-noir	2026-09-07	0	0
pinot-noir	2026-09-08	0	0
pinot-noir	2026-09-09	0	0
pinot-noir	2026-09-10	0	0
pinot-noir	2026-09-11	0	0
pinot-noir	2026-09-12	0	0
pinot-noir	2026-09-13	0	0
pinot-noir	2026-09-14	0	0
pinot-noir	2026-09-15	0	0
pinot-noir	2026-09-16	28	15
pinot-noir	2026-09-17	0	0
carolina-barbecue	2026-09-04	0	0
carolina-barbecue	2026-09-05	0	0
carolina-barbecue	2026-09-06	0	0
carolina-barbecue	2026-09-07	0	0
carolina-barbecue	2026-09-08	0	0
carolina-barbecue	2026-09-09	0	0
carolina-barbecue	2026-09-10	0	0
carolina-barbecue	2026-09-11	0	0
carolina-barbecue	2026-09-12	0	0
carolina-barbecue	2026-09-13	0	0
carolina-barbecue	2026-09-14	0	0
carolina-barbecue	2026-09-15	0	0
carolina-barbecue	2026-09-16	130	69
carolina-barbecue	2026-09-17	2	2
coucal-clock	2026-09-04	0	0
coucal-clock	2026-09-05	0	0
coucal-clock	2026-09-06	0	0
coucal-clock	2026-09-07	0	0
coucal-clock	2026-09-08	0	0
coucal-clock	2026-09-09	0	0
coucal-clock	2026-09-10	0	0
coucal-clock	2026-09-11	0	0
coucal-clock	2026-09-12	0	0
coucal-clock	2026-09-13	0	0
coucal-clock	2026-09-14	0	0
coucal-clock	2026-09-15	0	0
coucal-clock	2026-09-16	2	1
coucal-clock	2026-09-17	0	0
dead-mans-switch	2026-09-04	0	0
dead-mans-switch	2026-09-05	0	0
dead-mans-switch	2026-09-06	1	1
dead-mans-switch	2026-09-07	0	0
dead-mans-switch	2026-09-08	0	0
dead-mans-switch	2026-09-09	1	1
dead-mans-switch	2026-09-10	0	0
dead-mans-switch	2026-09-11	0	0
dead-mans-switch	2026-09-12	0	0
dead-mans-switch	2026-09-13	0	0
dead-mans-switch	2026-09-14	1	1
dead-mans-switch	2026-09-15	0	0
dead-mans-switch	2026-09-16	17	12
dead-mans-switch	2026-09-17	0	0
traffic-eye	2026-09-04	0	0
traffic-eye	2026-09-05	0	0
traffic-eye	2026-09-06	1	1
traffic-eye	2026-09-07	0	0
traffic-eye	2026-09-08	0	0
traffic-eye	2026-09-09	0	0
traffic-eye	2026-09-10	0	0
traffic-eye	2026-09-11	1	1
traffic-eye	2026-09-12	0	0
traffic-eye	2026-09-13	0	0
traffic-eye	2026-09-14	1	1
traffic-eye	2026-09-15	0	0
traffic-eye	2026-09-16	15	9
traffic-eye	2026-09-17	0	0
jovilabe	2026-09-04	0	0
jovilabe	2026-09-05	1	1
jovilabe	2026-09-06	1	1
jovilabe	2026-09-07	0	0
jovilabe	2026-09-08	0	0
jovilabe	2026-09-09	0	0
jovilabe	2026-09-10	0	0
jovilabe	2026-09-11	0	0
jovilabe	2026-09-12	0	0
jovilabe	2026-09-13	0	0
jovilabe	2026-09-14	1	1
jovilabe	2026-09-15	0	0
jovilabe	2026-09-16	7	5
jovilabe	2026-09-17	1	1
manuscript-crawler	2026-09-05	0	0
manuscript-crawler	2026-09-06	0	0
manuscript-crawler	2026-09-07	0	0
manuscript-crawler	2026-09-08	0	0
manuscript-crawler	2026-09-09	0	0
manuscript-crawler	2026-09-10	0	0
manuscript-crawler	2026-09-11	0	0
manuscript-crawler	2026-09-12	0	0
manuscript-crawler	2026-09-13	0	0
manuscript-crawler	2026-09-14	0	0
manuscript-crawler	2026-09-15	0	0
manuscript-crawler	2026-09-16	0	0
manuscript-crawler	2026-09-17	0	0
manuscript-crawler	2026-09-18	0	0
spec-hud	2026-09-05	0	0
spec-hud	2026-09-06	0	0
spec-hud	2026-09-07	0	0
spec-hud	2026-09-08	0	0
spec-hud	2026-09-09	0	0
spec-hud	2026-09-10	0	0
spec-hud	2026-09-11	0	0
spec-hud	2026-09-12	0	0
spec-hud	2026-09-13	0	0
spec-hud	2026-09-14	0	0
spec-hud	2026-09-15	0	0
spec-hud	2026-09-16	0	0
spec-hud	2026-09-17	0	0
spec-hud	2026-09-18	0	0
mot-dang	2026-09-04	0	0
mot-dang	2026-09-05	19	4
mot-dang	2026-09-06	6	6
mot-dang	2026-09-07	1	1
mot-dang	2026-09-08	6	5
mot-dang	2026-09-09	4	4
mot-dang	2026-09-10	2	2
mot-dang	2026-09-11	2	2
mot-dang	2026-09-12	1	1
mot-dang	2026-09-13	3	3
mot-dang	2026-09-14	3	3
mot-dang	2026-09-15	1	1
mot-dang	2026-09-16	4	3
mot-dang	2026-09-17	2	2
manuscript-wiki	2026-09-04	0	0
manuscript-wiki	2026-09-05	0	0
manuscript-wiki	2026-09-06	1	1
manuscript-wiki	2026-09-07	0	0
manuscript-wiki	2026-09-08	0	0
manuscript-wiki	2026-09-09	0	0
manuscript-wiki	2026-09-10	0	0
manuscript-wiki	2026-09-11	0	0
manuscript-wiki	2026-09-12	0	0
manuscript-wiki	2026-09-13	0	0
manuscript-wiki	2026-09-14	1	1
manuscript-wiki	2026-09-15	0	0
manuscript-wiki	2026-09-16	5	4
manuscript-wiki	2026-09-17	1	1
defiant-site	2026-09-04	0	0
defiant-site	2026-09-05	0	0
defiant-site	2026-09-06	2	2
defiant-site	2026-09-07	0	0
defiant-site	2026-09-08	3	3
defiant-site	2026-09-09	1	1
defiant-site	2026-09-10	0	0
defiant-site	2026-09-11	0	0
defiant-site	2026-09-12	0	0
defiant-site	2026-09-13	0	0
defiant-site	2026-09-14	1	1
defiant-site	2026-09-15	1	1
defiant-site	2026-09-16	11	8
defiant-site	2026-09-17	1	1
skipdjt	2026-09-04	2	2
skipdjt	2026-09-05	1	1
skipdjt	2026-09-06	1	1
skipdjt	2026-09-07	1	1
skipdjt	2026-09-08	1	1
skipdjt	2026-09-09	0	0
skipdjt	2026-09-10	1	1
skipdjt	2026-09-11	0	0
skipdjt	2026-09-12	1	1
skipdjt	2026-09-13	1	1
skipdjt	2026-09-14	2	2
skipdjt	2026-09-15	1	1
skipdjt	2026-09-16	2	2
skipdjt	2026-09-17	0	0
mueang-map	2026-09-04	0	0
mueang-map	2026-09-05	0	0
mueang-map	2026-09-06	1	1
mueang-map	2026-09-07	0	0
mueang-map	2026-09-08	1	1
mueang-map	2026-09-09	0	0
mueang-map	2026-09-10	0	0
mueang-map	2026-09-11	0	0
mueang-map	2026-09-12	0	0
mueang-map	2026-09-13	0	0
mueang-map	2026-09-14	1	1
mueang-map	2026-09-15	0	0
mueang-map	2026-09-16	1	1
mueang-map	2026-09-17	0	0
moat-game	2026-09-04	0	0
moat-game	2026-09-05	0	0
moat-game	2026-09-06	1	1
moat-game	2026-09-07	0	0
moat-game	2026-09-08	0	0
moat-game	2026-09-09	2	2
moat-game	2026-09-10	0	0
moat-game	2026-09-11	0	0
moat-game	2026-09-12	0	0
moat-game	2026-09-13	1	1
moat-game	2026-09-14	1	1
moat-game	2026-09-15	0	0
moat-game	2026-09-16	2	2
moat-game	2026-09-17	0	0
thairoots	2026-09-04	0	0
thairoots	2026-09-05	0	0
thairoots	2026-09-06	1	1
thairoots	2026-09-07	0	0
thairoots	2026-09-08	0	0
thairoots	2026-09-09	0	0
thairoots	2026-09-10	0	0
thairoots	2026-09-11	0	0
thairoots	2026-09-12	0	0
thairoots	2026-09-13	0	0
thairoots	2026-09-14	1	1
thairoots	2026-09-15	0	0
thairoots	2026-09-16	1	1
thairoots	2026-09-17	0	0
stocktake	2026-09-04	1	1
stocktake	2026-09-05	0	0
stocktake	2026-09-06	1	1
stocktake	2026-09-07	1	1
stocktake	2026-09-08	0	0
stocktake	2026-09-09	0	0
stocktake	2026-09-10	1	1
stocktake	2026-09-11	0	0
stocktake	2026-09-12	0	0
stocktake	2026-09-13	0	0
stocktake	2026-09-14	1	1
stocktake	2026-09-15	0	0
stocktake	2026-09-16	1	1
stocktake	2026-09-17	0	0
hak-farang	2026-09-04	1	1
hak-farang	2026-09-05	0	0
hak-farang	2026-09-06	1	1
hak-farang	2026-09-07	0	0
hak-farang	2026-09-08	0	0
hak-farang	2026-09-09	0	0
hak-farang	2026-09-10	0	0
hak-farang	2026-09-11	0	0
hak-farang	2026-09-12	1	1
hak-farang	2026-09-13	0	0
hak-farang	2026-09-14	1	1
hak-farang	2026-09-15	0	0
hak-farang	2026-09-16	1	1
hak-farang	2026-09-17	0	0
offramp	2026-09-04	0	0
offramp	2026-09-05	0	0
offramp	2026-09-06	1	1
offramp	2026-09-07	0	0
offramp	2026-09-08	1	1
offramp	2026-09-09	0	0
offramp	2026-09-10	0	0
offramp	2026-09-11	0	0
offramp	2026-09-12	0	0
offramp	2026-09-13	2	2
offramp	2026-09-14	1	1
offramp	2026-09-15	0	0
offramp	2026-09-16	1	1
offramp	2026-09-17	0	0
blinking-twelve	2026-09-04	0	0
blinking-twelve	2026-09-05	0	0
blinking-twelve	2026-09-06	1	1
blinking-twelve	2026-09-07	0	0
blinking-twelve	2026-09-08	0	0
blinking-twelve	2026-09-09	1	1
blinking-twelve	2026-09-10	0	0
blinking-twelve	2026-09-11	0	0
blinking-twelve	2026-09-12	0	0
blinking-twelve	2026-09-13	0	0
blinking-twelve	2026-09-14	1	1
blinking-twelve	2026-09-15	0	0
blinking-twelve	2026-09-16	1	1
blinking-twelve	2026-09-17	0	0
blinky-fidget	2026-09-04	1	1
blinky-fidget	2026-09-05	0	0
blinky-fidget	2026-09-06	1	1
blinky-fidget	2026-09-07	0	0
blinky-fidget	2026-09-08	0	0
blinky-fidget	2026-09-09	0	0
blinky-fidget	2026-09-10	0	0
blinky-fidget	2026-09-11	0	0
blinky-fidget	2026-09-12	0	0
blinky-fidget	2026-09-13	0	0
blinky-fidget	2026-09-14	1	1
blinky-fidget	2026-09-15	0	0
blinky-fidget	2026-09-16	1	1
blinky-fidget	2026-09-17	0	0
moat-stardew	2026-09-04	0	0
moat-stardew	2026-09-05	0	0
moat-stardew	2026-09-06	2	2
moat-stardew	2026-09-07	0	0
moat-stardew	2026-09-08	0	0
moat-stardew	2026-09-09	0	0
moat-stardew	2026-09-10	0	0
moat-stardew	2026-09-11	0	0
moat-stardew	2026-09-12	0	0
moat-stardew	2026-09-13	0	0
moat-stardew	2026-09-14	1	1
moat-stardew	2026-09-15	0	0
moat-stardew	2026-09-16	1	1
moat-stardew	2026-09-17	0	0
neurovizr-decoded	2026-09-04	0	0
neurovizr-decoded	2026-09-05	0	0
neurovizr-decoded	2026-09-06	1	1
neurovizr-decoded	2026-09-07	0	0
neurovizr-decoded	2026-09-08	1	1
neurovizr-decoded	2026-09-09	0	0
neurovizr-decoded	2026-09-10	0	0
neurovizr-decoded	2026-09-11	0	0
neurovizr-decoded	2026-09-12	0	0
neurovizr-decoded	2026-09-13	0	0
neurovizr-decoded	2026-09-14	1	1
neurovizr-decoded	2026-09-15	0	0
neurovizr-decoded	2026-09-16	1	1
neurovizr-decoded	2026-09-17	0	0
lanna-almanac	2026-09-04	0	0
lanna-almanac	2026-09-05	0	0
lanna-almanac	2026-09-06	1	1
lanna-almanac	2026-09-07	0	0
lanna-almanac	2026-09-08	0	0
lanna-almanac	2026-09-09	0	0
lanna-almanac	2026-09-10	0	0
lanna-almanac	2026-09-11	1	1
lanna-almanac	2026-09-12	0	0
lanna-almanac	2026-09-13	0	0
lanna-almanac	2026-09-14	1	1
lanna-almanac	2026-09-15	0	0
lanna-almanac	2026-09-16	1	1
lanna-almanac	2026-09-17	0	0
taoist-oracle	2026-09-04	0	0
taoist-oracle	2026-09-05	0	0
taoist-oracle	2026-09-06	1	1
taoist-oracle	2026-09-07	0	0
taoist-oracle	2026-09-08	0	0
taoist-oracle	2026-09-09	0	0
taoist-oracle	2026-09-10	0	0
taoist-oracle	2026-09-11	1	1
taoist-oracle	2026-09-12	0	0
taoist-oracle	2026-09-13	1	1
taoist-oracle	2026-09-14	1	1
taoist-oracle	2026-09-15	0	0
taoist-oracle	2026-09-16	1	1
taoist-oracle	2026-09-17	0	0
pdf-tool	2026-09-04	0	0
pdf-tool	2026-09-05	0	0
pdf-tool	2026-09-06	1	1
pdf-tool	2026-09-07	0	0
pdf-tool	2026-09-08	0	0
pdf-tool	2026-09-09	1	1
pdf-tool	2026-09-10	1	1
pdf-tool	2026-09-11	0	0
pdf-tool	2026-09-12	0	0
pdf-tool	2026-09-13	0	0
pdf-tool	2026-09-14	1	1
pdf-tool	2026-09-15	0	0
pdf-tool	2026-09-16	1	1
pdf-tool	2026-09-17	0	0
kali-yantra	2026-09-04	0	0
kali-yantra	2026-09-05	0	0
kali-yantra	2026-09-06	1	1
kali-yantra	2026-09-07	0	0
kali-yantra	2026-09-08	0	0
kali-yantra	2026-09-09	0	0
kali-yantra	2026-09-10	0	0
kali-yantra	2026-09-11	1	1
kali-yantra	2026-09-12	0	0
kali-yantra	2026-09-13	1	1
kali-yantra	2026-09-14	1	1
kali-yantra	2026-09-15	0	0
kali-yantra	2026-09-16	1	1
kali-yantra	2026-09-17	0	0
baanstaff	2026-09-04	0	0
baanstaff	2026-09-05	0	0
baanstaff	2026-09-06	1	1
baanstaff	2026-09-07	0	0
baanstaff	2026-09-08	0	0
baanstaff	2026-09-09	0	0
baanstaff	2026-09-10	0	0
baanstaff	2026-09-11	0	0
baanstaff	2026-09-12	0	0
baanstaff	2026-09-13	0	0
baanstaff	2026-09-14	1	1
baanstaff	2026-09-15	0	0
baanstaff	2026-09-16	1	1
baanstaff	2026-09-17	0	0
poplucky	2026-09-04	2	2
poplucky	2026-09-05	0	0
poplucky	2026-09-06	1	1
poplucky	2026-09-07	0	0
poplucky	2026-09-08	0	0
poplucky	2026-09-09	0	0
poplucky	2026-09-10	0	0
poplucky	2026-09-11	0	0
poplucky	2026-09-12	0	0
poplucky	2026-09-13	1	1
poplucky	2026-09-14	1	1
poplucky	2026-09-15	0	0
poplucky	2026-09-16	1	1
poplucky	2026-09-17	0	0
thai-answers	2026-09-04	0	0
thai-answers	2026-09-05	0	0
thai-answers	2026-09-06	1	1
thai-answers	2026-09-07	0	0
thai-answers	2026-09-08	1	1
thai-answers	2026-09-09	0	0
thai-answers	2026-09-10	0	0
thai-answers	2026-09-11	0	0
thai-answers	2026-09-12	0	0
thai-answers	2026-09-13	1	1
thai-answers	2026-09-14	1	1
thai-answers	2026-09-15	0	0
thai-answers	2026-09-16	1	1
thai-answers	2026-09-17	0	0
swanbot	2026-09-04	1	1
swanbot	2026-09-05	0	0
swanbot	2026-09-06	1	1
swanbot	2026-09-07	0	0
swanbot	2026-09-08	0	0
swanbot	2026-09-09	0	0
swanbot	2026-09-10	0	0
swanbot	2026-09-11	0	0
swanbot	2026-09-12	0	0
swanbot	2026-09-13	0	0
swanbot	2026-09-14	1	1
swanbot	2026-09-15	0	0
swanbot	2026-09-16	4	3
swanbot	2026-09-17	0	0
st-expedite-wiki	2026-09-04	0	0
st-expedite-wiki	2026-09-05	0	0
st-expedite-wiki	2026-09-06	1	1
st-expedite-wiki	2026-09-07	0	0
st-expedite-wiki	2026-09-08	0	0
st-expedite-wiki	2026-09-09	0	0
st-expedite-wiki	2026-09-10	0	0
st-expedite-wiki	2026-09-11	0	0
st-expedite-wiki	2026-09-12	0	0
st-expedite-wiki	2026-09-13	0	0
st-expedite-wiki	2026-09-14	1	1
st-expedite-wiki	2026-09-15	0	0
st-expedite-wiki	2026-09-16	1	1
st-expedite-wiki	2026-09-17	0	0
muak-yant-site	2026-09-04	0	0
muak-yant-site	2026-09-05	0	0
muak-yant-site	2026-09-06	1	1
muak-yant-site	2026-09-07	0	0
muak-yant-site	2026-09-08	0	0
muak-yant-site	2026-09-09	0	0
muak-yant-site	2026-09-10	0	0
muak-yant-site	2026-09-11	0	0
muak-yant-site	2026-09-12	0	0
muak-yant-site	2026-09-13	0	0
muak-yant-site	2026-09-14	1	1
muak-yant-site	2026-09-15	0	0
muak-yant-site	2026-09-16	1	1
muak-yant-site	2026-09-17	0	0
manuscript-transcribe	2026-09-04	1	1
manuscript-transcribe	2026-09-05	0	0
manuscript-transcribe	2026-09-06	1	1
manuscript-transcribe	2026-09-07	0	0
manuscript-transcribe	2026-09-08	0	0
manuscript-transcribe	2026-09-09	0	0
manuscript-transcribe	2026-09-10	0	0
manuscript-transcribe	2026-09-11	1	1
manuscript-transcribe	2026-09-12	0	0
manuscript-transcribe	2026-09-13	1	1
manuscript-transcribe	2026-09-14	1	1
manuscript-transcribe	2026-09-15	0	0
manuscript-transcribe	2026-09-16	1	1
manuscript-transcribe	2026-09-17	0	0
homematch	2026-09-04	0	0
homematch	2026-09-05	0	0
homematch	2026-09-06	1	1
homematch	2026-09-07	0	0
homematch	2026-09-08	0	0
homematch	2026-09-09	0	0
homematch	2026-09-10	1	1
homematch	2026-09-11	0	0
homematch	2026-09-12	0	0
homematch	2026-09-13	0	0
homematch	2026-09-14	1	1
homematch	2026-09-15	0	0
homematch	2026-09-16	1	1
homematch	2026-09-17	0	0
food-pantry	2026-09-04	0	0
food-pantry	2026-09-05	0	0
food-pantry	2026-09-06	1	1
food-pantry	2026-09-07	1	1
food-pantry	2026-09-08	0	0
food-pantry	2026-09-09	0	0
food-pantry	2026-09-10	0	0
food-pantry	2026-09-11	0	0
food-pantry	2026-09-12	0	0
food-pantry	2026-09-13	0	0
food-pantry	2026-09-14	1	1
food-pantry	2026-09-15	0	0
food-pantry	2026-09-16	1	1
food-pantry	2026-09-17	0	0
flighthelper	2026-09-04	0	0
flighthelper	2026-09-05	0	0
flighthelper	2026-09-06	1	1
flighthelper	2026-09-07	0	0
flighthelper	2026-09-08	0	0
flighthelper	2026-09-09	1	1
flighthelper	2026-09-10	0	0
flighthelper	2026-09-11	0	0
flighthelper	2026-09-12	0	0
flighthelper	2026-09-13	1	1
flighthelper	2026-09-14	1	1
flighthelper	2026-09-15	0	0
flighthelper	2026-09-16	1	1
flighthelper	2026-09-17	0	0
feed-detox	2026-09-03	0	0
feed-detox	2026-09-04	0	0
feed-detox	2026-09-05	0	0
feed-detox	2026-09-06	1	1
feed-detox	2026-09-07	1	1
feed-detox	2026-09-08	0	0
feed-detox	2026-09-09	0	0
feed-detox	2026-09-10	0	0
feed-detox	2026-09-11	0	0
feed-detox	2026-09-12	0	0
feed-detox	2026-09-13	1	1
feed-detox	2026-09-14	1	1
feed-detox	2026-09-15	0	0
feed-detox	2026-09-16	1	1
cm-womens-health	2026-09-04	0	0
cm-womens-health	2026-09-05	1	1
cm-womens-health	2026-09-06	1	1
cm-womens-health	2026-09-07	0	0
cm-womens-health	2026-09-08	0	0
cm-womens-health	2026-09-09	0	0
cm-womens-health	2026-09-10	0	0
cm-womens-health	2026-09-11	0	0
cm-womens-health	2026-09-12	0	0
cm-womens-health	2026-09-13	2	2
cm-womens-health	2026-09-14	1	1
cm-womens-health	2026-09-15	0	0
cm-womens-health	2026-09-16	1	1
cm-womens-health	2026-09-17	0	0
catalog-pipeline	2026-09-05	0	0
catalog-pipeline	2026-09-06	0	0
catalog-pipeline	2026-09-07	0	0
catalog-pipeline	2026-09-08	0	0
catalog-pipeline	2026-09-09	0	0
catalog-pipeline	2026-09-10	0	0
catalog-pipeline	2026-09-11	0	0
catalog-pipeline	2026-09-12	0	0
catalog-pipeline	2026-09-13	0	0
catalog-pipeline	2026-09-14	0	0
catalog-pipeline	2026-09-15	0	0
catalog-pipeline	2026-09-16	0	0
catalog-pipeline	2026-09-17	0	0
catalog-pipeline	2026-09-18	0	0
amulet-reference	2026-09-04	0	0
amulet-reference	2026-09-05	0	0
amulet-reference	2026-09-06	1	1
amulet-reference	2026-09-07	0	0
amulet-reference	2026-09-08	1	1
amulet-reference	2026-09-09	0	0
amulet-reference	2026-09-10	0	0
amulet-reference	2026-09-11	0	0
amulet-reference	2026-09-12	0	0
amulet-reference	2026-09-13	0	0
amulet-reference	2026-09-14	1	1
amulet-reference	2026-09-15	0	0
amulet-reference	2026-09-16	1	1
amulet-reference	2026-09-17	0	0
amulet-market-api	2026-09-04	0	0
amulet-market-api	2026-09-05	0	0
amulet-market-api	2026-09-06	1	1
amulet-market-api	2026-09-07	1	1
amulet-market-api	2026-09-08	0	0
amulet-market-api	2026-09-09	0	0
amulet-market-api	2026-09-10	1	1
amulet-market-api	2026-09-11	0	0
amulet-market-api	2026-09-12	0	0
amulet-market-api	2026-09-13	0	0
amulet-market-api	2026-09-14	1	1
amulet-market-api	2026-09-15	0	0
amulet-market-api	2026-09-16	1	1
amulet-market-api	2026-09-17	0	0
wichaa-vault	2026-09-04	0	0
wichaa-vault	2026-09-05	1	1
wichaa-vault	2026-09-06	1	1
wichaa-vault	2026-09-07	0	0
wichaa-vault	2026-09-08	0	0
wichaa-vault	2026-09-09	0	0
wichaa-vault	2026-09-10	0	0
wichaa-vault	2026-09-11	0	0
wichaa-vault	2026-09-12	0	0
wichaa-vault	2026-09-13	1	1
wichaa-vault	2026-09-14	1	1
wichaa-vault	2026-09-15	0	0
wichaa-vault	2026-09-16	1	1
wichaa-vault	2026-09-17	0	0
